{
  "luis_schema_version": "3.0.0",
  "versionId": "0.1",
  "name": "HotelReservation",
  "desc": "",
  "culture": "en-us",
  "intents": [
    {
      "name": "Greeting"
    },
    {
      "name": "Help"
    },
    {
      "name": "None"
    },
    {
      "name": "SearchHotels"
    },
    {
      "name": "ShowHotelsReviews"
    }
  ],
  "entities": [
    {
      "name": "Hotel",
      "roles": []
    },
    {
      "name": "Location",
      "roles": []
    },
    {
      "name": "Name",
      "roles": []
    }
  ],
  "composites": [],
  "closedLists": [],
  "patternAnyEntities": [],
  "regex_entities": [],
  "prebuiltEntities": [],
  "model_features": [
    {
      "name": "Near",
      "mode": true,
      "words": "near,around,close,nearby",
      "activated": true
    },
    {
      "name": "Show",
      "mode": true,
      "words": "show,find,look,search",
      "activated": true
    }
  ],
  "regex_features": [],
  "patterns": [],
  "utterances": [
    {
      "text": "best hotels in seattle",
      "intent": "SearchHotels",
      "entities": [
        {
          "entity": "Location",
          "startPos": 15,
          "endPos": 21
        }
      ]
    },
    {
      "text": "can i see the reviews of extended bot hotel?",
      "intent": "ShowHotelsReviews",
      "entities": [
        {
          "entity": "Hotel",
          "startPos": 25,
          "endPos": 42
        }
      ]
    },
    {
      "text": "can you show me hotels from los angeles?",
      "intent": "SearchHotels",
      "entities": [
        {
          "entity": "Location",
          "startPos": 28,
          "endPos": 38
        }
      ]
    },
    {
      "text": "can you show me the reviews of the amazing resort & hotel",
      "intent": "ShowHotelsReviews",
      "entities": [
        {
          "entity": "Hotel",
          "startPos": 31,
          "endPos": 56
        }
      ]
    },
    {
      "text": "find hotels around eze airport",
      "intent": "SearchHotels",
      "entities": [
        {
          "entity": "Location",
          "startPos": 19,
          "endPos": 29
        }
      ]
    },
    {
      "text": "find hotels near statue of liberty",
      "intent": "SearchHotels",
      "entities": [
        {
          "entity": "Location",
          "startPos": 17,
          "endPos": 33
        }
      ]
    },
    {
      "text": "find reviews of hotelxya",
      "intent": "ShowHotelsReviews",
      "entities": [
        {
          "entity": "Hotel",
          "startPos": 16,
          "endPos": 23
        }
      ]
    },
    {
      "text": "good morning",
      "intent": "Greeting",
      "entities": []
    },
    {
      "text": "hello my name is luisbot",
      "intent": "Greeting",
      "entities": [
        {
          "entity": "Name",
          "startPos": 17,
          "endPos": 23
        }
      ]
    },
    {
      "text": "help me",
      "intent": "Help",
      "entities": []
    },
    {
      "text": "hotels in los angeles",
      "intent": "SearchHotels",
      "entities": [
        {
          "entity": "Location",
          "startPos": 10,
          "endPos": 20
        }
      ]
    },
    {
      "text": "i need help",
      "intent": "Help",
      "entities": []
    },
    {
      "text": "look for hotels in miami",
      "intent": "SearchHotels",
      "entities": [
        {
          "entity": "Location",
          "startPos": 19,
          "endPos": 23
        }
      ]
    },
    {
      "text": "my name is foo",
      "intent": "Greeting",
      "entities": [
        {
          "entity": "Name",
          "startPos": 11,
          "endPos": 13
        }
      ]
    },
    {
      "text": "search for hotels in seattle",
      "intent": "SearchHotels",
      "entities": [
        {
          "entity": "Location",
          "startPos": 21,
          "endPos": 27
        }
      ]
    },
    {
      "text": "show hotels near att airport",
      "intent": "SearchHotels",
      "entities": [
        {
          "entity": "Location",
          "startPos": 17,
          "endPos": 27
        }
      ]
    },
    {
      "text": "show me hotels in california",
      "intent": "SearchHotels",
      "entities": [
        {
          "entity": "Location",
          "startPos": 18,
          "endPos": 27
        }
      ]
    },
    {
      "text": "show me reviews of the amazing hotel",
      "intent": "ShowHotelsReviews",
      "entities": [
        {
          "entity": "Hotel",
          "startPos": 19,
          "endPos": 35
        }
      ]
    },
    {
      "text": "show me the reviews of the amazing bot resort",
      "intent": "ShowHotelsReviews",
      "entities": [
        {
          "entity": "Hotel",
          "startPos": 23,
          "endPos": 44
        }
      ]
    },
    {
      "text": "what are the available options?",
      "intent": "Help",
      "entities": []
    },
    {
      "text": "what are the reviews of the hotel bot framework?",
      "intent": "ShowHotelsReviews",
      "entities": [
        {
          "entity": "Hotel",
          "startPos": 24,
          "endPos": 46
        }
      ]
    },
    {
      "text": "what can i do?",
      "intent": "Help",
      "entities": []
    },
    {
      "text": "where can i stay near the white house?",
      "intent": "SearchHotels",
      "entities": [
        {
          "entity": "Location",
          "startPos": 22,
          "endPos": 36
        }
      ]
    }
  ]
}